group,length,variety,sample_entropy,m_subsample_entropy_rdm,sd_subsample_entropy_rdm,m_subsample_entropy_mav,sd_subsample_entropy_mav,exp_variety,MTLD,zipf_intercept,zipf_slope,zipf_shift
legal,110169.4,4663.6,8.504887461318718,8.100708983184555,0.00132598540622619,7.705935358700977,0.03479337091957357,1139.3461742370614,46.35985370389368,13.604238410136745,-1.6405125773214677,63.55
literature,105600.0,8461.4,9.214657296342706,8.64622753783119,0.0012500394739248,8.490666420391396,0.013721009113746092,1391.236205978957,95.15249221838644,10.993328131942468,-1.283709782426002,13.4
poetry,78020.7,8175.1,9.7902532339835,9.115555397756436,0.00135305433910129,8.997369737230066,0.01944259272316483,1726.7890850002896,131.87403357086458,9.798772379446742,-1.1240152002800685,8.7
